{
  "moduleName": "ichack_backend",
  "tables": [
    {
      "name": "sentence",
      "dartName": "Sentence",
      "module": "ichack_backend",
      "schema": "public",
      "columns": [
        {
          "name": "id",
          "columnType": 6,
          "isNullable": false,
          "columnDefault": "nextval('sentence_id_seq'::regclass)",
          "dartType": "int?"
        },
        {
          "name": "convoId",
          "columnType": 6,
          "isNullable": false,
          "dartType": "int"
        },
        {
          "name": "timestamp",
          "columnType": 4,
          "isNullable": false,
          "dartType": "DateTime"
        },
        {
          "name": "sentence",
          "columnType": 0,
          "isNullable": false,
          "dartType": "String"
        },
        {
          "name": "emotion",
          "columnType": 0,
          "isNullable": false,
          "dartType": "String"
        }
      ],
      "foreignKeys": [],
      "indexes": [
        {
          "indexName": "sentence_pkey",
          "elements": [
            {
              "type": 0,
              "definition": "id"
            }
          ],
          "type": "btree",
          "isUnique": true,
          "isPrimary": true
        }
      ],
      "managed": true
    }
  ],
  "installedModules": [
    {
      "module": "serverpod",
      "version": "20240516151843329"
    },
    {
      "module": "ichack_backend",
      "version": "20250201155628563"
    }
  ],
  "migrationApiVersion": 1
}